frame_idx,timestamp,x0,y0,z0,x1,y1,z1,x2,y2,z2,x3,y3,z3,x4,y4,z4,x5,y5,z5,x6,y6,z6,x7,y7,z7,x8,y8,z8,x9,y9,z9,x10,y10,z10,x11,y11,z11,x12,y12,z12,x13,y13,z13,x14,y14,z14,x15,y15,z15,x16,y16,z16,x17,y17,z17,x18,y18,z18,x19,y19,z19,x20,y20,z20,label
0,1766182328.8069708,0.0,0.0,0.0,-0.07802228673224354,-0.2657661479677415,-0.023260839311137642,-0.12236344315531739,-0.5498015869753027,-0.05450075685496601,-0.14577754778950044,-0.7919990536815557,-0.08870244212643105,-0.1813008344185759,-0.9765715236890635,-0.11592267491198116,0.1227973922191289,-0.7734879707614097,-0.028779630403687258,0.2657549801609522,-0.7968242552816167,-0.04687199258386288,0.2968980934271802,-0.6926218818003278,-0.05865138082409641,0.2872269500144495,-0.6054906532304672,-0.06878869153689182,0.21332141821824627,-0.6618971181217613,-0.047061197167636404,0.3612838676360183,-0.6531420893992993,-0.051827163967103386,0.3504198960981292,-0.5353254503747963,-0.05262518020849298,0.29875655829033376,-0.455404902388539,-0.06237387783503807,0.28042806014785354,-0.5180382172653343,-0.06780573065390179,0.40170884647832256,-0.498014871492502,-0.06918052312301544,0.37337044811717046,-0.3958505341168671,-0.04860252069215627,0.31240734078908106,-0.3332094195019967,-0.044670580217428896,0.3286584496019832,-0.3539827809974542,-0.09331973195842921,0.4188196991472238,-0.34272120008451235,-0.0905688839944341,0.3804194614024911,-0.27292045771707524,-0.06518916227153952,0.3191700682336927,-0.23531508418889924,-0.049736856321338514,fist
1,1766182328.807313,0.0,0.0,0.0,-0.20703615601095873,-0.1736455816838893,-0.04432086699764788,-0.3683587354627053,-0.4548729897066592,-0.054542396351778814,-0.42223185539153124,-0.7620680674343879,-0.074127536305957,-0.32446833762647803,-0.9189447764550805,-0.07127051396900885,-0.2242966146452697,-0.7609197853059356,0.06167144995731855,-0.28907292853820504,-0.9567783474599627,-0.031812510402802745,-0.2735375926829507,-0.6643516618058047,-0.07676639831872252,-0.2446682159552282,-0.6548597419334364,-0.098374426518008,-0.10174096641778584,-0.7569854429518216,0.04754970679017044,-0.17070512253408482,-0.965816388487079,-0.057882225561397896,-0.1716088743867375,-0.6122721993166673,-0.06833925300666213,-0.141268832666955,-0.622648451436452,-0.04681161914284311,0.02119157890145761,-0.7441912322715478,0.010651952709913677,-0.037957403644549914,-0.9444573481467458,-0.09249284420723347,-0.058546365199663664,-0.6040211312604917,-0.04494882017985908,-0.02127674649751603,-0.5953972590338396,0.018653369576310697,0.15059668735427822,-0.7104004224930627,-0.03276679513797106,0.08666961108584366,-0.8749916785481354,-0.0657234408896857,0.04826337943507173,-0.6444274080837318,-0.016112599108021593,0.07968604237591594,-0.5952013213128463,0.034460892860954336,fist
2,1766182328.9109938,0.0,0.0,0.0,-0.07890738375374094,-0.27080113735816946,-0.015459971041853048,-0.11878603316946947,-0.5598102359005029,-0.04835203821641583,-0.13913851104011238,-0.7996464311003196,-0.0835596836353169,-0.16781505520075285,-0.979597127843446,-0.11057836302296824,0.10205675582243914,-0.7714027690946464,-0.030548090574302918,0.257049451966102,-0.7984740832046587,-0.04906110562500285,0.2576003778818632,-0.6983085865455407,-0.057748254505291946,0.22178573576082383,-0.6378262654381232,-0.06388418260542279,0.17795138213723247,-0.6596140068534679,-0.04894540416610582,0.33389709591611605,-0.6703497154312934,-0.050434380717522036,0.304630498047675,-0.5613527294069329,-0.042076722516399975,0.24104535954115172,-0.5000870269778832,-0.04299987580243557,0.2352894467071396,-0.5157029783096496,-0.06933425994572417,0.36794570431797724,-0.511051558845863,-0.06315550486751857,0.32972924313116203,-0.4160433363121714,-0.03585534940995845,0.26792466680668386,-0.36753312899178986,-0.02759871200683574,0.279706754903267,-0.3517565390876424,-0.09347980682005573,0.38099985839626255,-0.3556696484839181,-0.08465956463132256,0.3346888971423644,-0.28358156198834805,-0.05640957737867678,0.2751705725654023,-0.2508860817871397,-0.039655156401042044,fist
3,1766182328.911343,0.0,0.0,0.0,-0.1867165597532974,-0.12175632171067734,-0.04389752403709916,-0.3462305337075612,-0.4655491351778932,-0.04293009560972138,-0.3887721217379105,-0.7927957883362097,-0.0506464818828568,-0.2831823918268982,-0.904131661084747,-0.03873128119918019,-0.19299554146238568,-0.7640214334484036,0.04799023856429534,-0.24721136873224886,-0.9680858754058588,-0.04118588361562869,-0.2476799783474975,-0.658812151899452,-0.07340254995490554,-0.22328764247543373,-0.6129408488335282,-0.08529730780807278,-0.06516700345678347,-0.7487361902247704,0.03078853015951482,-0.13313528234170932,-0.9639588377391571,-0.06924780242325794,-0.1481478591744947,-0.5807204623665204,-0.06430638397876069,-0.1095119378397682,-0.556690009961884,-0.029216253036489597,0.059166935093609256,-0.7063250843685506,-0.009081929172931633,-0.0035389440376513114,-0.8895662254582503,-0.11384100927748333,-0.034612354360389196,-0.5137196696493141,-0.054284321378176056,0.006238332508516565,-0.47869677596020727,0.019514350376696205,0.19528509448679426,-0.6415388812149583,-0.05541828669877809,0.1248885977720464,-0.7891693869276314,-0.09714255744252424,0.0851984367809344,-0.5422249655428598,-0.044919618820386475,0.11897704260319064,-0.4886340097501833,0.009214751949778595,fist
4,1766182329.013354,0.0,0.0,0.0,-0.09330134723645421,-0.27683498428517694,-0.01853286894065216,-0.1406334133032531,-0.566498193557716,-0.053123769567266305,-0.1650155762772921,-0.7983717801930891,-0.08952695539528242,-0.19806226227280121,-0.9731061623761075,-0.11762540970821227,0.08925823399302595,-0.7954371237798799,-0.03904442366116853,0.25122973075709537,-0.8200797352361124,-0.06267237726966961,0.2513433719811456,-0.7171897649808716,-0.07521140746629808,0.21136663902643488,-0.6551198216544433,-0.08421532405610155,0.16720130890318358,-0.6788180695763197,-0.057957744882706656,0.32908455589573804,-0.6854989163840925,-0.06541853626498445,0.29752240143623854,-0.5786779853598135,-0.05912931849538804,0.23133523821663737,-0.5175586913996393,-0.061599216212640875,0.224589878923596,-0.5309633933386971,-0.07931394146438688,0.36506366517996636,-0.5218242900089299,-0.07778634991216828,0.3258111262265538,-0.4305771691783965,-0.052205428136343095,0.26164105337968663,-0.3862236776397782,-0.04510139389916287,0.26857333346337825,-0.3632385408050639,-0.10474626741476868,0.3728513146516691,-0.35212982167505535,-0.09937783614064132,0.32582816413932986,-0.28498853533999335,-0.07485820677872172,0.2644114510804041,-0.2619251564398121,-0.06092035670619902,fist
5,1766182329.013688,0.0,0.0,0.0,-0.19793985624559762,-0.17747365815006133,-0.037505153365544844,-0.3652380600747334,-0.48420339127941264,-0.038138171772392905,-0.4143256681475412,-0.7927836450670648,-0.047608136285255544,-0.31402491424125806,-0.9405064670670263,-0.03370168892505933,-0.1964783928768229,-0.7908411248524564,0.06394433736243388,-0.2751752238156759,-0.9610710895181469,-0.02491901062230928,-0.2676166259334295,-0.6728594125703564,-0.06308651507991293,-0.22612794920499327,-0.6807338071837112,-0.08370003739219407,-0.07389447194625817,-0.781611454525037,0.04634211066316862,-0.1581783797226812,-0.9793025282653137,-0.0541890269525903,-0.1686579412093647,-0.6135039044536991,-0.05477375061175128,-0.11571134883773954,-0.6461465249115215,-0.026817965455364766,0.0527290415294544,-0.7563044378745697,0.0055433459050962045,-0.02553964792427333,-0.9345115047087169,-0.09327565415982708,-0.05298246416758605,-0.5737092331345203,-0.03724444705739999,0.003930014024152887,-0.5881785949719581,0.03075525482135059,0.1890600697787818,-0.7025670597919859,-0.042047748576971994,0.11390633717431452,-0.8473826601192963,-0.07928516852888512,0.06943923058124511,-0.6186266110768898,-0.03311015285937375,0.11099286916903339,-0.600134789492375,0.015545157407422613,fist
6,1766182329.1312158,0.0,0.0,0.0,-0.09042860936007427,-0.27017985234581554,-0.02394668263241827,-0.13287001002215162,-0.5620360644765473,-0.05846854118782327,-0.15648099105067675,-0.7979263681274887,-0.0939567894486832,-0.19271344425837894,-0.973766952279916,-0.12099359920903367,0.10066067695677844,-0.7776344293576573,-0.03817379237864428,0.2573229441684455,-0.7965577171826483,-0.06207025498654968,0.2523943989829981,-0.6969901131755317,-0.07882811006319115,0.21030057704085112,-0.6442586620322156,-0.09185262003824303,0.17331131975506037,-0.6574848128643971,-0.054011973098381266,0.3324631872480253,-0.667025068187656,-0.056991381407381254,0.3002401549297126,-0.5655765248932167,-0.05177614749544684,0.23690197755116046,-0.512103402567501,-0.057219116553721985,0.22578742319532966,-0.5024494115861164,-0.07280212628679261,0.36312609766762205,-0.49541388943984443,-0.07033684815297381,0.32493911151145705,-0.40977141675210216,-0.04641440823712333,0.26339999648986817,-0.36924631856516804,-0.04086461288230679,0.26510730571086444,-0.3286845828413027,-0.09599127784798701,0.3739290736658984,-0.3312797948051459,-0.09016303223456675,0.32860238732366565,-0.27060500706785684,-0.06500173582196624,0.26674404784985833,-0.24652633991572237,-0.05090660832240146,fist
7,1766182329.1322181,0.0,0.0,0.0,-0.21141326844392785,-0.18222113561325362,-0.033061319819012086,-0.37528138881087353,-0.49649018280734747,-0.029310195936843045,-0.41262290029639953,-0.8049301409713819,-0.0357260191765506,-0.30921884961666984,-0.9461490985976717,-0.02051548673009586,-0.20492773300977005,-0.7965832646195377,0.08708947793557058,-0.2770180921905073,-0.9549092049658373,0.007546341763140345,-0.2693442231558009,-0.6791838329820054,-0.02966846332188983,-0.2276401443438429,-0.7005706665532127,-0.050868356227605056,-0.08343088483436398,-0.791294783692263,0.0673691523064372,-0.163319672257456,-0.9860856523025129,-0.031012432617337913,-0.17087232950310718,-0.6231856601477924,-0.03748758719992126,-0.11542568792708816,-0.6526042722732784,-0.010905389986130621,0.040406866017170924,-0.7656703824520869,0.02460393354203412,-0.03125079526542742,-0.9276334692797097,-0.07439266522231587,-0.056095159883449625,-0.5796116956917391,-0.02511652735036111,-0.0017265632743330066,-0.5951460083027355,0.04075751033431894,0.17510240952522307,-0.7113719054534993,-0.024183027001457226,0.09561725031248786,-0.845480593628204,-0.05987698089819451,0.05850230621173655,-0.623645489754528,-0.012566165886785649,0.10602719359723423,-0.6023406679388515,0.03797235070522185,fist
8,1766182329.26478,0.0,0.0,0.0,-0.09052818395777058,-0.2688153749730777,-0.0239144907126327,-0.13028925625944818,-0.5595258711640196,-0.061085860604924415,-0.15569510807356943,-0.7949626891570992,-0.09995661232944475,-0.1980201416251043,-0.9714484570760542,-0.13067485892599004,0.10040507434266949,-0.7712675335202162,-0.042468543469624795,0.26687369546605455,-0.7885358904582332,-0.07280924341615837,0.26037931447029755,-0.6839802138635831,-0.09428086626530577,0.21530917442564051,-0.629664568728269,-0.10970265845004332,0.16882721242538412,-0.6525411762258674,-0.05926707422010875,0.33312332500944253,-0.6524384141031975,-0.06740637244802784,0.29904302308364483,-0.5493777258066679,-0.06340582449679266,0.23343928279775833,-0.49845153344716253,-0.06926313047867802,0.2184045362017365,-0.498626506791168,-0.07940809345047413,0.3571637984098918,-0.4789899921072997,-0.07795037763772522,0.3179743982771208,-0.3951394945532918,-0.05296647157391334,0.25579652497267397,-0.36165200355136434,-0.04713994793958449,0.25627947608972595,-0.3277292393541641,-0.10436698403510006,0.3652442032178461,-0.3165178300518905,-0.09761221639574241,0.3184880545929886,-0.25876258545928443,-0.07230853844514284,0.2559687209620126,-0.24326895815332245,-0.058852259906521806,fist
9,1766182329.2652512,0.0,0.0,0.0,-0.20826579890235522,-0.1637012520144207,-0.04382031604425529,-0.38040975886891093,-0.48391485896439485,-0.042285091070473055,-0.41498762080463336,-0.807368922506124,-0.048380063080407994,-0.307130386374634,-0.9502964788818866,-0.03232715958351872,-0.21165571876090786,-0.7921161603726626,0.07135726067536,-0.2777225947131389,-0.9605290809674482,-0.015938789214716538,-0.27341891079166436,-0.6843694143384539,-0.05413113604754881,-0.23498468203198847,-0.7113189285855142,-0.07467994399873909,-0.0814758951373445,-0.7840059009188652,0.055153173117482975,-0.1579783821936164,-0.9847680538413995,-0.04953374943198464,-0.17141487958138732,-0.6157166987219553,-0.054633233622453,-0.12055803643155942,-0.6581263643243492,-0.02604188058624472,0.04572145693512053,-0.7573260820521449,0.014562438653725033,-0.02150161392904873,-0.9369740455661455,-0.09434393969055654,-0.05201965306280856,-0.577636372518052,-0.04395547101910209,-0.0031676915802877404,-0.5986218375819754,0.025039269203662104,0.18277909380474266,-0.7067825575327751,-0.03264135816555117,0.11010830140637384,-0.856381342459878,-0.07650306398621932,0.06978647316003593,-0.625574301761933,-0.030124283224958352,0.11314297783056416,-0.5999033599460968,0.021303927846416618,fist
10,1766182329.4041018,0.0,0.0,0.0,-0.08114591957186032,-0.27719846293769185,-0.011974345240943358,-0.11761008844690778,-0.5661635140451226,-0.042007452142103135,-0.1393097272602308,-0.8004210837377069,-0.07577611442639354,-0.17487695982776588,-0.9792818977232055,-0.10210295643631122,0.12021848078367335,-0.7692924627623166,-0.030103093035299407,0.280937305241656,-0.7997609793606562,-0.048438704627176324,0.2674243806149779,-0.7044114718262977,-0.06080944476224208,0.21595522280061777,-0.6525394913736158,-0.0710575719682503,0.1912648188204746,-0.637430555673035,-0.05098377972740108,0.347433136509001,-0.64642198910727,-0.04901497443646714,0.308655824227115,-0.5525173955728997,-0.043288348069037974,0.24054191152675622,-0.4987168052778922,-0.04977272182492625,0.24234597046137074,-0.469897546424038,-0.07312454598500323,0.37936925481914224,-0.4718071726707645,-0.06550178349200884,0.33668811272357335,-0.3935543222005681,-0.04036496839660619,0.2713796050411364,-0.35116163815519974,-0.035729698618802354,0.28013953121196805,-0.2862002370296922,-0.09840880468031989,0.39368612700253236,-0.30377765751085517,-0.08872450859126255,0.34281472094227966,-0.24928732990908126,-0.06109850569594111,0.2755092316057254,-0.2210811022887192,-0.04615359771454957,fist
11,1766182329.404556,0.0,0.0,0.0,-0.21047536823649102,-0.1375892394199929,-0.05650100585858195,-0.39203086240070184,-0.46171617771108375,-0.060864875173913036,-0.4324372160878192,-0.802921744925295,-0.06969920666602197,-0.3122948774273374,-0.9483752538294836,-0.05528369973606013,-0.22458279078865323,-0.789849985615716,0.05369351362916602,-0.2964264131695203,-0.9488332975536203,-0.03690347411026109,-0.2882520389898406,-0.6604831127687515,-0.07639451133384802,-0.24554331101017815,-0.694489730325926,-0.09869288705147855,-0.08933482381116156,-0.7806172576059787,0.04455092330285576,-0.16875530156821478,-0.9810221469364538,-0.060796752762856975,-0.17878724249232952,-0.6035484669467825,-0.06294695042447537,-0.12949968481730098,-0.6438241696718944,-0.03363197199569587,0.042525762607646324,-0.7539797684991827,0.010344546131187352,-0.02572968552379089,-0.9408171271921653,-0.0941659066281715,-0.054834325808362915,-0.5697390413998026,-0.0361145203578296,-0.007719662010053082,-0.5851162364303955,0.035648154252642505,0.18330411007196307,-0.7080496974342605,-0.03216923104027998,0.11624315929543015,-0.8653988368639365,-0.07295753450844492,0.0722491716109657,-0.626196464548698,-0.025897537467755787,0.10782657209866221,-0.5970239325857303,0.02434762546534105,fist
12,1766182329.541576,0.0,0.0,0.0,-0.07759149323974905,-0.2645483013306124,-0.028121008447308415,-0.1253736403634719,-0.5452580377880167,-0.06608321323730897,-0.15239862878439983,-0.7891436944024781,-0.10445179202322459,-0.1822987600743923,-0.9740628205123733,-0.1340476921502913,0.12151401484930949,-0.7144316816302145,-0.03805643220477801,0.2601132210926168,-0.764875668318201,-0.057549592373884774,0.23951708621891882,-0.6706446148485333,-0.07145337886470184,0.18970456254314708,-0.604395637086444,-0.08097054541391589,0.19780810957191594,-0.5627493653709987,-0.04863243173605704,0.32354260768471566,-0.6123489662330591,-0.046452883652350646,0.2834370204890703,-0.5285730469220061,-0.04208779475027747,0.22183733944839246,-0.461346207059777,-0.048886295391003816,0.24878310962447636,-0.3931098482387578,-0.061537567044829156,0.359526106612628,-0.44224996806107936,-0.05492205883748256,0.31508900885356217,-0.37227765669310386,-0.028927656691359237,0.2553246646324306,-0.3094345307717814,-0.021649088064880192,0.2854994343908592,-0.21783632344535378,-0.07837496361675851,0.37616954785166,-0.2749716264341408,-0.07059492913687829,0.32933185571041457,-0.2246387431443025,-0.041239708648505506,0.27180068979206123,-0.17776117553687232,-0.023085118510499793,fist
13,1766182329.5419688,0.0,0.0,0.0,-0.2145132249713234,-0.14455744357960748,-0.049982062810331254,-0.39382098174619645,-0.44199603610721966,-0.05890348976870289,-0.44832695882267526,-0.7721029394714468,-0.0771470477657347,-0.3425421576430513,-0.9309162573346177,-0.07251745292840266,-0.23106630492379024,-0.7760896704619271,0.0698651874692606,-0.31260845320342867,-0.9495725013045766,-0.024249118580465304,-0.2998182031307332,-0.6663481770872123,-0.06484158798340682,-0.25475947203826343,-0.6696655361147602,-0.08414767869929493,-0.10259799882696276,-0.7767164501030386,0.05478765685949659,-0.18986007175703054,-0.9747766646611628,-0.05163994652019752,-0.19065650334105802,-0.6071991885920278,-0.054144761736713384,-0.13637093032149653,-0.6423280802772465,-0.022657000778042197,0.02658496159599612,-0.7556924317120225,0.013488240379184752,-0.05167587421056171,-0.9461480786301778,-0.09440197072226943,-0.07313720366162081,-0.5864743924703092,-0.042051316444754676,-0.020142312495300897,-0.5963335734573606,0.02910207697277132,0.16610288165775708,-0.7103248838693398,-0.035624112664972396,0.08976417008394112,-0.8746136016216652,-0.07733995735806605,0.04722815979591057,-0.6434472271586075,-0.0313491241259371,0.08415991721277269,-0.6037372846744268,0.020451143482416282,fist
14,1766182329.648374,0.0,0.0,0.0,-0.059150317325966026,-0.27225330705193185,-0.01631077427419338,-0.09020418174213009,-0.5413266177621434,-0.05058270893782017,-0.11660560565956507,-0.7984176187688045,-0.0852301285553878,-0.15629644748148985,-0.981454510874765,-0.11098857413374517,0.12936196791849366,-0.7102422687292669,-0.036350597014081984,0.2571305832396064,-0.8185106336284078,-0.04195669398428646,0.2266889389348945,-0.7079447101909523,-0.04004857038825981,0.17408959297561985,-0.6325445071988599,-0.03790244790111941,0.2142744300098414,-0.5569475111842137,-0.04197020020995841,0.3184712665408445,-0.651203914706284,-0.026339080445925415,0.27708509755530647,-0.5671707596202559,-0.013236222233638014,0.22191491911048924,-0.4938777328257196,-0.01423040786471214,0.27117787790936276,-0.38727301439527334,-0.04603512688034621,0.35793408190216636,-0.47227105163430727,-0.02293536947935921,0.3177198750001849,-0.4097409632316044,0.006080152619713816,0.26672364674660726,-0.3384863841623537,0.0132777741413185,0.3155863106473317,-0.22850741082322698,-0.051715960007541584,0.3799152661789233,-0.31787082419362095,-0.025749514360803003,0.33912350157287136,-0.2780063721635418,0.009337695033001794,0.29845279449281453,-0.2219194662219952,0.029716189060496858,fist
15,1766182329.648706,0.0,0.0,0.0,-0.2105584269201447,-0.11579747095567529,-0.06435088601585304,-0.39833904113571084,-0.4240208814911956,-0.07491810002718878,-0.45132689838521856,-0.77064830720857,-0.08879697616359258,-0.33894489022602914,-0.9322231939029428,-0.07837401497058763,-0.24037830816770503,-0.7722917934015108,0.04318373906655994,-0.3181372036626973,-0.9468001783363227,-0.04856070374270578,-0.2998834444741868,-0.6536126723383492,-0.08665852217053233,-0.25911823753341795,-0.6787029515056864,-0.10728828244986804,-0.10723030064300626,-0.7725300059604964,0.03788985406873413,-0.19119860350888973,-0.9670979636985835,-0.06757234994801353,-0.18984295749138988,-0.5961908131386323,-0.06918942071419557,-0.14681473124025787,-0.642041407053594,-0.040528679861228524,0.02321868640276178,-0.7557427879542559,0.007119562374727918,-0.05123446844412589,-0.9467838463389074,-0.09832173389377473,-0.07173302007295596,-0.5813617204136594,-0.042393203510210024,-0.02874214988221033,-0.5976756714229758,0.027293433077214047,0.16201900874563313,-0.7242786084254855,-0.032516306824017016,0.09126681083789437,-0.8823107149291571,-0.07535507682957986,0.05222792309353172,-0.6434411765337241,-0.030991969206833076,0.08550802222441763,-0.6098162105844886,0.01732051823218371,fist
16,1766182329.7488818,0.0,0.0,0.0,-0.057959836213646594,-0.2670403893667816,-0.03199446848356736,-0.08245013826426252,-0.5554603479586141,-0.06119975649979195,-0.09702737771242971,-0.8030667802168214,-0.0889070506861935,-0.11056509276993903,-0.988121873395836,-0.10672639587973641,0.14727713788855643,-0.6854914377142779,-0.014385084609976964,0.2397672920567303,-0.8401400089858589,-0.03414124155521017,0.20124390075388368,-0.7768287594086001,-0.05425702609653562,0.1498820929828194,-0.6877796126584542,-0.06395379596948463,0.22164900538587903,-0.5460834444298007,-0.008629117146062078,0.29682164364812785,-0.6978625996917205,-0.0014340450287332798,0.2617870557212233,-0.6520194911369677,-0.004136120117156496,0.21655293099617054,-0.5704105315768142,-0.012069442538763941,0.2674259233238361,-0.39975167138705253,-0.007191192196213105,0.3342838742197467,-0.5346976029096718,0.00760091585603194,0.3028457436560102,-0.5080755559033207,0.019978101801553527,0.2597380113425098,-0.44651737762785015,0.02061124275627582,0.2987989187020241,-0.26208106871154646,-0.008778169717201975,0.3526097792945338,-0.38867884061969843,0.010674316335033181,0.32431623074422256,-0.3738219872789393,0.03549123312890964,0.29093791599613833,-0.3243002484996204,0.05119719739924595,fist
17,1766182329.749269,0.0,0.0,0.0,-0.20608732905324803,-0.12966241858019897,-0.05677486134079366,-0.3860157169737268,-0.43355765663975815,-0.06569320814848609,-0.44317101702134426,-0.7632558516353338,-0.0798645780332239,-0.34393559708950033,-0.918855704113425,-0.07018662068245107,-0.23403280332604623,-0.7759232240301763,0.04835725050828976,-0.3155898193022813,-0.9478016691118861,-0.045552848225726236,-0.2965923795252707,-0.654303331951314,-0.08557731350842906,-0.25366393786293906,-0.6729507742135955,-0.10606371705517847,-0.10351205537988156,-0.7744662264618403,0.03971258218870708,-0.19122749073578424,-0.9646294280993508,-0.06509987881553235,-0.1883401229310981,-0.5973044898174801,-0.06567083627517736,-0.14217243952662742,-0.6424650703400229,-0.03597987840173011,0.025133163377065962,-0.7581316092368954,0.0059703948449983035,-0.05325269819586679,-0.9443782698824209,-0.09841502711137513,-0.0714940289686299,-0.5827607840522532,-0.04156173059965118,-0.023302489626295098,-0.5982716517014289,0.02931020559781314,0.16229662647257695,-0.7240022498474631,-0.036196010467346135,0.08944782029732913,-0.8808043531707622,-0.07745706624802169,0.05042305272830472,-0.6457547074353167,-0.031455644507607634,0.08664498086867917,-0.6128548516973198,0.018554222449972006,fist
18,1766182329.8457532,0.0,0.0,0.0,-0.2171828977140224,-0.14925311053897083,-0.051013714003095886,-0.3946450130938453,-0.44601406983962033,-0.05853000659414705,-0.45491126856858743,-0.7652396991074478,-0.07338736923136843,-0.3563058590146243,-0.9304183457554368,-0.06476421112870784,-0.24795722062041917,-0.7821112197639236,0.06660993588672542,-0.32908439683806573,-0.9439428258383002,-0.025988484106056184,-0.3102793489698387,-0.6588570104213184,-0.06892353823489264,-0.2674897146630877,-0.686369648110449,-0.09155051660692731,-0.11723186499768432,-0.7869259604681162,0.054465063250626784,-0.20790576464967228,-0.975460268777859,-0.048986916136344795,-0.20381551447799104,-0.6123282203782235,-0.05235635913231394,-0.1544401725614537,-0.6565516097158118,-0.023902492232505415,0.013699131651462453,-0.7723283136698922,0.016793160731102468,-0.06830775108248116,-0.9563670010389901,-0.08679654009430977,-0.08667070656988529,-0.5948404931617678,-0.03254308190518579,-0.03780104811812223,-0.6069634615803047,0.03736830924433853,0.15364949356268864,-0.7357511700055674,-0.02889988097214776,0.07486999268664031,-0.8891221167075675,-0.06797961368029536,0.03539676775531653,-0.6528869719820704,-0.021217519649598716,0.07192653158385211,-0.6179487765504598,0.02968107083271443,fist
19,1766182329.9521742,0.0,0.0,0.0,-0.20935954010089675,-0.12063276267349932,-0.04839923715296775,-0.39480994457154556,-0.4315487492400772,-0.048590532090552994,-0.4483618506969388,-0.7725767226569449,-0.05433537717385005,-0.3418729989983635,-0.9212282620386999,-0.03678291524625951,-0.24736224862304193,-0.7877299394554447,0.05825293504761185,-0.32131870578961946,-0.9379288751439602,-0.028992267773309512,-0.30405001742247617,-0.6419628449214944,-0.06798801480869317,-0.26559044990852876,-0.6786233257135476,-0.09105861588056126,-0.1140544656789692,-0.7862891254075116,0.046270091813332866,-0.20272508979353174,-0.9775886515725288,-0.0567711747703823,-0.20161056465561486,-0.6004995294857096,-0.059486160187059,-0.1556520765781357,-0.6411237254327725,-0.0320263156547575,0.018531138413304792,-0.7704425333173565,0.010564153451449815,-0.06136230493552361,-0.9580812814551821,-0.09044460938949055,-0.07990870832707478,-0.5808418720230086,-0.03182364864911483,-0.033557692237545976,-0.5936212029782657,0.03840880974238122,0.16124523729798013,-0.7409574100677913,-0.03302349127240538,0.08401317021603462,-0.8855902622002565,-0.07231648230290906,0.04616329320228468,-0.6395266270837455,-0.02560332902390706,0.08234020129060451,-0.6155391675770192,0.02344734503576311,fist
20,1766182330.053405,0.0,0.0,0.0,-0.2161908447583487,-0.14485024080149447,-0.05031667707955545,-0.3954438125613961,-0.4443963029621198,-0.053577899660552354,-0.45450886678557556,-0.7560900120966403,-0.06329589240620943,-0.35509177485884225,-0.9185564757769586,-0.04950424603964771,-0.23271119020324474,-0.7864774537088538,0.06239591120336604,-0.31683034256447884,-0.9323150928136207,-0.027661442826274408,-0.30046850125474667,-0.6478065836565663,-0.06651264449899526,-0.25905384450038316,-0.675682971608412,-0.08673928389054852,-0.10426072175885691,-0.7869827429027433,0.04871433015407255,-0.19935990450524135,-0.9782992497050729,-0.056446492381301894,-0.1961898218019637,-0.609832657706795,-0.05905945709996145,-0.14182418613317496,-0.6504190616392617,-0.028990300724193525,0.026545319700018465,-0.7698976463080495,0.010182970557094542,-0.060160840037219915,-0.9502832315208634,-0.0958324622684261,-0.07902374833059582,-0.5841784427574146,-0.0414404569629889,-0.02790277476741043,-0.6024153971482242,0.029571726196753554,0.16783425660913134,-0.7310177730238848,-0.036087374912905555,0.07995370033748218,-0.8775313910357262,-0.07712077424966753,0.04050083002365569,-0.6405391232488585,-0.02986144071084143,0.07937777143942429,-0.6140587627579911,0.021816131174741477,fist
21,1766182330.1675851,0.0,0.0,0.0,-0.2094934270646006,-0.14904327712903764,-0.05026422647308182,-0.3843574488920293,-0.4469505618662579,-0.060344405985509664,-0.4423688500699633,-0.761782004187664,-0.07714648453226766,-0.3454090327311496,-0.9319338628272431,-0.07074585913523704,-0.22708018062105378,-0.8025866780201047,0.05508094180842422,-0.31620104707602226,-0.9338933308347829,-0.04103906660210639,-0.2946232541164627,-0.6448517060727638,-0.08436401569286833,-0.2483406107879263,-0.6864193092702874,-0.10785918450911748,-0.09674620430894838,-0.8013198340790979,0.04106770284997815,-0.1988359709255881,-0.9777086357830063,-0.06745428215770573,-0.19404136533521898,-0.6087259307728484,-0.0687082023305967,-0.1398153021242248,-0.6607416924942641,-0.03848775744321843,0.033137890016016434,-0.7852202803290556,0.0021204148848884695,-0.0603744503685821,-0.9523439764804514,-0.1049831403906868,-0.07687785501515437,-0.5850093103804203,-0.0469699776469683,-0.023466865764075556,-0.6106919618069792,0.02504877655588949,0.17060147091329814,-0.7501977228277418,-0.04471087769469336,0.0831005032681416,-0.8853549842573741,-0.0877004493838207,0.046190041720471885,-0.648969151166102,-0.04167323028451904,0.08843129914054637,-0.63286096658657,0.008430695943407965,fist
22,1766182330.280454,0.0,0.0,0.0,-0.20881554737610988,-0.1503638500518594,-0.04833259203272263,-0.3890946547282282,-0.4462462017369942,-0.055922126752803995,-0.4522821030916083,-0.7665875418379059,-0.07102728389011186,-0.3596941296554555,-0.9197277098454858,-0.06283256669907027,-0.23609456754740593,-0.8029865658035996,0.06562875885105621,-0.3179666706165519,-0.940821897802322,-0.026725792168827603,-0.29789390163006263,-0.6501718823462589,-0.06820259804522247,-0.25437408740513995,-0.6861451213867152,-0.09060608246916249,-0.10839091433760381,-0.8011010617844716,0.05171730579792342,-0.20291302227773222,-0.9775490881464634,-0.05678103252085742,-0.20084712061444532,-0.6090519467908558,-0.06014051960765999,-0.15277338330292975,-0.6574532247209038,-0.030630458613996082,0.02034166696152899,-0.7853787545178231,0.012709061328896546,-0.06670153725926108,-0.9511188666031599,-0.09468564042994931,-0.08447687341379567,-0.5876815305285434,-0.040093088310598976,-0.035402099026317885,-0.6103247424586135,0.030207853504426167,0.15617519299114782,-0.749675218000869,-0.03389379936595261,0.07644801612316607,-0.8805360981662733,-0.0751920904650766,0.04019041389833431,-0.6483823877769954,-0.030555102034908074,0.08054209506627354,-0.6350687198186811,0.018387976429320167,fist
23,1766182330.383004,0.0,0.0,0.0,-0.20631150945540852,-0.13297806332511755,-0.049638004174910606,-0.3919112581964288,-0.43866760456804205,-0.054859948245280406,-0.45330673886979017,-0.7677590855657306,-0.06641041141059918,-0.35404843340709746,-0.9250169327809769,-0.05478005996156205,-0.23829988170408326,-0.7949018475351964,0.06079160503132615,-0.32027667500657775,-0.9307485178638779,-0.026009779432530467,-0.30138082311734465,-0.6439607254784241,-0.06181842660810775,-0.2585043244540339,-0.6870436180300495,-0.0820566540719194,-0.1067996343585006,-0.7964313066608119,0.048399187706838646,-0.20358246403346697,-0.9775121907717863,-0.05499179239309184,-0.20071475050993903,-0.6053723948998653,-0.05465711152435898,-0.15079941612306366,-0.6538796047500133,-0.023934038236532732,0.02332161589952818,-0.7801980252788423,0.011502577114650725,-0.0655129940712384,-0.9532752939233854,-0.09206069874368958,-0.0817278697644664,-0.5829764243176273,-0.035057236456513825,-0.032333076846561414,-0.6053954466847938,0.035326818114333775,0.16129065870571097,-0.746909550229792,-0.032942681929327464,0.07888124236978795,-0.8856054390452563,-0.07378133132654202,0.04240295424423371,-0.6473736405199159,-0.02922287324822228,0.08074111041271409,-0.6290823172230366,0.018796567701463165,fist
24,1766182330.4846468,0.0,0.0,0.0,-0.20983104068252587,-0.1439469126296258,-0.049767412864275336,-0.39097731965546006,-0.4429056312979261,-0.05748771066814187,-0.4539871453696311,-0.7648736915290887,-0.0719416108078576,-0.3582074492684657,-0.9261873201081532,-0.06319073697599698,-0.23673363843503203,-0.7988421261537679,0.0606021086749021,-0.3217065081903288,-0.9324286470108103,-0.02884037895892749,-0.3022399591669053,-0.6442579894240892,-0.0669791757608243,-0.25848633279931366,-0.6850026503420751,-0.08786503219783708,-0.10692483335465162,-0.8029052526644317,0.0475008936756482,-0.20574468098750384,-0.9769453047677699,-0.05698243358754922,-0.20291362811504185,-0.607653928750762,-0.05688743443708409,-0.1526636459672599,-0.6581639438465542,-0.026091650306185137,0.023174207813404953,-0.7886187208104971,0.009659251954521785,-0.06737266030305698,-0.9543886528662892,-0.09479408369710059,-0.08425621537624414,-0.5891245706409923,-0.037964145399739066,-0.03386004288380758,-0.6142451831532157,0.032698398034806245,0.16091607305133324,-0.7527421268827893,-0.03586369519429481,0.0764268109642949,-0.8867378198597421,-0.0765290030594068,0.040172141640356124,-0.6536406215687932,-0.03121583522951304,0.08118032048400606,-0.6400127504914169,0.01771381510400604,fist
25,1766182330.59143,0.0,0.0,0.0,-0.20575179078386566,-0.15066602144202704,-0.047278615175650934,-0.38286923999282596,-0.44234455090925345,-0.05584053445493558,-0.4463868147339139,-0.7539515885855763,-0.07251059653402468,-0.3547966557493678,-0.9208160003713832,-0.06682696996391092,-0.22689884514938782,-0.7948678284898938,0.061745678418460376,-0.31636511173414383,-0.934036620145215,-0.029817887447415873,-0.296626490853157,-0.6443839653820478,-0.06985389759396594,-0.24984816037189836,-0.6715671005173811,-0.09080652494531392,-0.10198337225213187,-0.7973484842230703,0.04684790538751718,-0.20152526071758917,-0.97772835933519,-0.058607377047819216,-0.19919356377649136,-0.6097921504187642,-0.059649995273550464,-0.14711630532136227,-0.6485462042715545,-0.02890683777742383,0.024445051206648527,-0.7820934702859624,0.007324362395757099,-0.06812159589719563,-0.9497273561150479,-0.09872149779032602,-0.08441607168822429,-0.5870404515182919,-0.04370578892399223,-0.03192917655487913,-0.6025295310101693,0.02692637138778603,0.1593894207031283,-0.7442793674902622,-0.03953355394219572,0.06992262714151354,-0.8823476558055219,-0.08233106280692098,0.03407766120807841,-0.6504215392529588,-0.03746698674382356,0.07659538378619353,-0.6271771169895378,0.012279734393764143,fist
26,1766182330.6768692,0.0,0.0,0.0,-0.2168182588615439,-0.1546593963983576,-0.04670975814731103,-0.396175932177525,-0.44951873314596386,-0.05353357824265818,-0.46130824350680927,-0.7509075349174059,-0.06842532780792836,-0.36941295137394736,-0.9172121894394696,-0.059239140217566724,-0.23492522316008096,-0.8007340221786957,0.06719594396985336,-0.3257970743444313,-0.9435027993087084,-0.026294923481421872,-0.30367328077832223,-0.6557669644734145,-0.06985341944137864,-0.26006922625631484,-0.6836547598160072,-0.09291927496075068,-0.11057714791592495,-0.8018854814734392,0.05298061387803155,-0.21366906048083942,-0.9753372829228327,-0.055341820840496325,-0.2034020067585729,-0.6152401145550439,-0.06021849490323697,-0.15008090979645594,-0.6649498766116027,-0.031939828934597514,0.016312942897930657,-0.7896463629165924,0.013753153482452457,-0.07953159610883426,-0.9469607062996579,-0.09135057048146503,-0.09177353795105622,-0.5923976184056094,-0.03745442763640313,-0.039963251575345485,-0.6203574957529377,0.032071445102706965,0.14894241996890478,-0.7560085939967243,-0.03322270885501922,0.06118571128542053,-0.8848340469352824,-0.07271471991302177,0.027398572923670487,-0.6571630790914531,-0.027374245629137196,0.07015070108371001,-0.6436250728066765,0.02220392761775122,fist
27,1766182330.7809322,0.0,0.0,0.0,-0.20982520367052004,-0.14099906708183596,-0.047602000948561714,-0.3913359432276458,-0.42841302146418836,-0.05262826216905636,-0.4553659645622431,-0.7404556734222218,-0.0639123976408106,-0.36607390436290876,-0.8998429281480971,-0.051648079867599825,-0.2491437417435073,-0.7945011779855673,0.06260702078856521,-0.3314951767204223,-0.9344872861005761,-0.02624985920933202,-0.30737911696823444,-0.6385033856632838,-0.06707101576621748,-0.26522721460085436,-0.671765460196726,-0.08979361361242018,-0.11893461433906383,-0.794534345045711,0.05100570880863363,-0.2142590325753455,-0.9753564942056371,-0.0526571568807697,-0.20873957629075204,-0.6064066450254986,-0.05596529070568352,-0.16100804185857093,-0.6459250652222163,-0.028077643547957387,0.010789939677392474,-0.7790643308365911,0.015409109273550882,-0.0774175488576161,-0.9491499419252446,-0.08744257381218186,-0.09255738806217614,-0.5830540434906225,-0.0327185686320352,-0.04377875986386872,-0.5951813986807567,0.03644276310807732,0.14632145648387834,-0.7473534541929437,-0.027460797812686465,0.06246562700177441,-0.8777739886146955,-0.06667210378903561,0.026840509403456413,-0.6417819099691536,-0.021410561344695156,0.06606720023296901,-0.6214370417292133,0.0277281345508895,fist
28,1766182330.883311,0.0,0.0,0.0,-0.20475488106800221,-0.14110410092837136,-0.045434197121988616,-0.3848556596172162,-0.43056665887682805,-0.049291064352114874,-0.4490559016887134,-0.7450244873548596,-0.06073291091616009,-0.35779612695772595,-0.9034483790164322,-0.04850260248881316,-0.23381801981378003,-0.7953068355681777,0.06510252630710248,-0.32074755781140585,-0.940294435242898,-0.02475456073902591,-0.2990358959779309,-0.6458716003659776,-0.06372595203816185,-0.25728479361932527,-0.6777862846701073,-0.08384978962253024,-0.10482360449872295,-0.790204346009566,0.051301870042046165,-0.20321517809544315,-0.9776416598063769,-0.054040507054152594,-0.19817859195080245,-0.6082952702770069,-0.05666107937892459,-0.15021246858235235,-0.6526298576140608,-0.027133387156780396,0.02369641296191927,-0.7726541156736673,0.01331056551053687,-0.06655960207935571,-0.9532509930665118,-0.09199412529425922,-0.08050657882062316,-0.5855995930964668,-0.03679861809179289,-0.03137180381981247,-0.6023620063730467,0.03393829100388909,0.15943698989172622,-0.7397681342251684,-0.031811629046608704,0.07768527234560475,-0.8880473470592238,-0.07132957510103313,0.04008386160516342,-0.649060934272861,-0.024655219235754734,0.07810168231080356,-0.6241202719702474,0.026044478355461382,fist
29,1766182331.0000849,0.0,0.0,0.0,-0.21392396038190323,-0.13869709861112056,-0.05047132922007937,-0.3959816799147575,-0.4258478785824057,-0.061315344283103555,-0.46251615393948803,-0.7392567080913466,-0.07989824537513845,-0.37052137386420575,-0.9140088050065217,-0.0743914781575176,-0.24242541174882645,-0.7870555323447335,0.06022322096533343,-0.3327677807101277,-0.9423132594683495,-0.036212223784123636,-0.31049612152051675,-0.6524675331942819,-0.0781894359536502,-0.26406786228654233,-0.6772358887344779,-0.09943881009066048,-0.11424782256509322,-0.7908723138171962,0.046714243226608526,-0.21416024926398047,-0.9731009847760989,-0.0629504476839893,-0.20608883586029647,-0.6034127082279442,-0.06518427824722375,-0.1544965905125612,-0.651158635992957,-0.03480544066890133,0.014563092425298572,-0.7788441356790915,0.007737156561991207,-0.07836413370054461,-0.9489624644113489,-0.10221957893200427,-0.09127946918681211,-0.5815221543640473,-0.04668586273724407,-0.03917132644654152,-0.6028431088167551,0.02520771473568985,0.15064293365395598,-0.7451806672724247,-0.0388246228120867,0.06371816115979015,-0.8831651400960078,-0.08337905359339774,0.028371313475051892,-0.6440490257433648,-0.037943079003061375,0.06879085384183933,-0.617658600729727,0.012951233093802484,fist
30,1766182331.122356,0.0,0.0,0.0,-0.20805783764605779,-0.1387890695640571,-0.04841481988480566,-0.39066632019048186,-0.4314851603515179,-0.05383245768008829,-0.4558025268955677,-0.7439262700140163,-0.0659443204367695,-0.3651647167475032,-0.9070802768248005,-0.054204004505253874,-0.24462479251548597,-0.7939366701570872,0.06189749152894753,-0.33059308367051676,-0.9346350988709003,-0.028776926106166747,-0.30550664272363004,-0.6401161411203693,-0.0693282886282686,-0.2624201186394253,-0.6725045525422058,-0.09128966427104687,-0.11522189035350669,-0.795239701426709,0.049258655266983004,-0.21375061216198468,-0.9752375320505552,-0.05676646792182113,-0.2044671762959296,-0.6050467366832726,-0.06045048898238666,-0.15448810750619907,-0.6487357053249441,-0.03186207151518304,0.01407969238978349,-0.7800514969300134,0.012285497399819082,-0.076865253278349,-0.9503282235717077,-0.09221038683691736,-0.08738870467801192,-0.5843841063133652,-0.037689581882639746,-0.036155322666670375,-0.6051729446699672,0.03189155648251345,0.15001310767587508,-0.7471810239534036,-0.03209664571702663,0.06635592305202255,-0.8794308429173464,-0.07157544168926606,0.032559365876541006,-0.644089839297249,-0.026400591889557363,0.07321051710420662,-0.6265123322720244,0.022719905424253947,fist
31,1766182331.2141812,0.0,0.0,0.0,-0.20748028823387576,-0.13799506736056513,-0.04637145987053035,-0.39047945348439866,-0.43205637009001785,-0.04957352346225387,-0.455283968091291,-0.7434522079716572,-0.05869053710900098,-0.3640261178625738,-0.8980293436284996,-0.04379904517605542,-0.24816803778553975,-0.7962849872163634,0.05902785651018811,-0.33075870840482907,-0.9352322937299821,-0.026700563072577503,-0.305863614294061,-0.6372250702902733,-0.06375906091362504,-0.26492287261268044,-0.6728451482143843,-0.08478463336304487,-0.11691297632861995,-0.796041055653184,0.04706153109792456,-0.21407620473958097,-0.9752952160572452,-0.05450339530844342,-0.20610589705352395,-0.6041311310967153,-0.056049574390506014,-0.1578640980765188,-0.6483505663312239,-0.027775928067620824,0.01355425567289594,-0.7793871185912675,0.011899077758937962,-0.07743388875967701,-0.950139916550197,-0.08760476218731184,-0.0883491444702999,-0.5836051653234865,-0.03124238921702286,-0.03802834132301606,-0.603706603969451,0.037369592066688204,0.1497963233251885,-0.7474977949138218,-0.030482013608101474,0.06489230533897064,-0.8776485228531957,-0.0669812468800609,0.03043400316491754,-0.6411793478337432,-0.020866108014319814,0.06997132466636131,-0.6259021770521446,0.027628724326776325,fist
32,1766182331.30851,0.0,0.0,0.0,-0.2085166871980067,-0.14493288351764178,-0.04447431792718626,-0.3890463250801211,-0.4372813157216571,-0.0494853635390417,-0.4543245481794925,-0.7484245101048741,-0.06183799313593095,-0.36326336270383036,-0.9080048180020707,-0.05121714298196432,-0.23990563922323999,-0.8014465268941262,0.060555365072858,-0.3279630169874627,-0.9377468395459628,-0.029227913943873533,-0.3053655207495918,-0.643881321149279,-0.06991223797391409,-0.26222614608119627,-0.6757197409637175,-0.09264834475533104,-0.11048574983003621,-0.8003522511316016,0.04596679155791121,-0.21373782225917742,-0.9751163082880093,-0.05885854777913034,-0.20603561087849045,-0.6076596194266815,-0.061694560876362714,-0.1537432289567892,-0.6495016104411617,-0.03357619151775214,0.01860401200393209,-0.7832299292905911,0.007801558995762603,-0.07845719772613441,-0.9518645592509263,-0.09510657033369835,-0.09088817744996654,-0.5865715299436037,-0.03935184323041374,-0.03831139151867794,-0.6056290701291807,0.030051071050444973,0.1547931052106787,-0.7482882221499384,-0.03750487773619971,0.06503424647538027,-0.8839685305300985,-0.07692164489456109,0.029472976410055404,-0.6481076600627,-0.03103586987974274,0.07034877056266625,-0.6298524887309869,0.018161888909122823,fist
33,1766182331.4091032,0.0,0.0,0.0,-0.21072155974936763,-0.13965823344229467,-0.04560859600528446,-0.39358104739019584,-0.42814194387562804,-0.0524310539742946,-0.46010973556211304,-0.7416144352022366,-0.06716325084588223,-0.3689625828093957,-0.9074270820288292,-0.05797928049761039,-0.24307213631103725,-0.7974387732268031,0.0630591417150841,-0.33324674117240605,-0.9395354122292838,-0.02882907505258771,-0.3115391516173234,-0.6426701558202353,-0.06851142532150262,-0.26658624248041596,-0.6726326463783685,-0.0896432400292112,-0.11462189388839865,-0.7984941479990083,0.04797835945460104,-0.21767670215110482,-0.9742510970146394,-0.05875077281526666,-0.21022121414006395,-0.5999687128640322,-0.05965780508916341,-0.1571037120185885,-0.6460518081494023,-0.02931689643595539,0.014904919863051373,-0.7839538445340504,0.008365266763531443,-0.08138854308688961,-0.9503008583339114,-0.0977334446780422,-0.09327963322070715,-0.5787333255909944,-0.040568683282128926,-0.039220220247683894,-0.6005709444429057,0.030753435280201115,0.1524312072043295,-0.7496482864006783,-0.0385387790077161,0.06376173598433338,-0.8819844454529248,-0.08030141433724229,0.028771564697042222,-0.6422816710306692,-0.03434953397542278,0.07103821105932932,-0.6240440824776672,0.01566612094010211,fist
34,1766182331.507555,0.0,0.0,0.0,-0.21085618294478695,-0.13073498568725633,-0.04895412327905352,-0.3931997548720571,-0.41677648078146634,-0.05908073587328447,-0.46338882099379375,-0.7278480823339448,-0.07700640994960786,-0.37507509786385107,-0.9008523599447077,-0.07104840102862629,-0.2461947414932156,-0.7928311526838533,0.05782663036044231,-0.33832384451914066,-0.9368946840820327,-0.037561620121737,-0.3137234757582286,-0.6435691928857694,-0.07891058329535221,-0.26831603921195096,-0.667187939966331,-0.10032013073496299,-0.11827321565925486,-0.7989304544542881,0.04272384196685465,-0.22281013780276127,-0.9726319986168834,-0.06589869314972412,-0.21220103847747104,-0.6029797685014008,-0.06743495867812323,-0.1592468844815332,-0.6470257903246674,-0.03706971868972569,0.010768815386831023,-0.7856632489698989,0.002712009242457324,-0.08741828046161638,-0.9484721399298308,-0.10513536077484131,-0.09691755792337954,-0.5815765698642642,-0.04828812221460248,-0.04417315367158336,-0.6037598310048682,0.023349861932256064,0.1480071114773383,-0.7504053497033855,-0.044986419419766006,0.05880773874861756,-0.8816995196618446,-0.08874713741090212,0.025541571772399966,-0.6444286682804823,-0.04332333364071759,0.06607544274405873,-0.6237914657378256,0.006876756025158954,fist
35,1766182331.610315,0.0,0.0,0.0,-0.2155565442796313,-0.14046366782675815,-0.045985455435572864,-0.3975745948265298,-0.4203698790444534,-0.05571427333733811,-0.4725472240637044,-0.721454431307086,-0.07417353642851264,-0.38711077803002747,-0.8926837133866986,-0.06896963057841504,-0.24733768800923076,-0.7955648151844253,0.06497865189870554,-0.34624839405783614,-0.9330782522094808,-0.028412102493936928,-0.31948992501881746,-0.6415934952060307,-0.07107072643033953,-0.27256722346961876,-0.6664441720089815,-0.09366720643275929,-0.12271663525519168,-0.8005408652160387,0.049554948285698425,-0.23145724035609253,-0.9711525703843016,-0.05736053453992725,-0.21753449552633572,-0.6067216250357071,-0.061130632216796724,-0.16230621044201268,-0.6488958936979271,-0.032579966792621214,0.004838840320938231,-0.7872582547516845,0.009557625192183096,-0.09810432147065658,-0.9501698752892783,-0.09340134596666215,-0.10406943593449645,-0.5890523890379604,-0.03769343745598615,-0.048129614149895215,-0.6109658011348452,0.03231217805252728,0.14046562162199105,-0.754083166932274,-0.03816313371536731,0.04588150630780311,-0.8850882456098649,-0.0765265108993987,0.01477886237727073,-0.6522477182288681,-0.030129968626646037,0.05844902771691024,-0.6334005213234216,0.02005377119418008,fist
36,1766182331.708161,0.0,0.0,0.0,-0.21253218928306877,-0.14311413356407968,-0.04578748423948378,-0.3984124205029995,-0.4156185471886219,-0.05978939342632654,-0.4765563612957803,-0.7118925413541294,-0.08332206278178297,-0.39358429289476277,-0.8975806736658527,-0.08337880302467952,-0.23800098254907612,-0.7971891942632598,0.05855087517550018,-0.3473575544141825,-0.935878527475423,-0.03524893388920262,-0.319358848025752,-0.6473302347243618,-0.07486682799618354,-0.26850457288622187,-0.6664966820507423,-0.09449230366412241,-0.11713313613612318,-0.8029839843160547,0.04213267581719028,-0.2359008560951786,-0.9696147249868385,-0.06479252412322921,-0.21780386960537032,-0.6052999947755203,-0.06369355344390586,-0.15776782087094196,-0.6486360424726607,-0.03186756515057607,0.007733657116089167,-0.7917347115829851,0.001252709544776466,-0.10254970929545497,-0.955201138967759,-0.1028121350894579,-0.10645104235725389,-0.5942912702797641,-0.044299846248440564,-0.04831148987062877,-0.6124447511902271,0.027681465027946665,0.1408579323341327,-0.7588949160499336,-0.047386756256072235,0.043887940977397594,-0.9038063230660462,-0.08826305073333922,0.010872494278860851,-0.670037773790961,-0.04106510489016257,0.053164646652573304,-0.6410448728668938,0.01013882864409608,fist
37,1766182331.809091,0.0,0.0,0.0,-0.2263068058897483,-0.15551023145841386,-0.03345366113426821,-0.40687526630252424,-0.41437791758808284,-0.046271573999708646,-0.48823496529993304,-0.69351466263743,-0.071629263092983,-0.4239474889057989,-0.8821324791581231,-0.07367986474674806,-0.24270526624877425,-0.7994389456620402,0.07174673292069211,-0.3631567759253753,-0.9315019825894251,-0.020523462949927143,-0.33192785116591766,-0.6430651711200613,-0.06012947031796351,-0.2775701807236756,-0.657677669408011,-0.07906575168671137,-0.12789295865471398,-0.807294762894219,0.04993545302734444,-0.25774922290880453,-0.9635736022780108,-0.05641910839064836,-0.23406804587197078,-0.6019372205165497,-0.05634898633901627,-0.16981582343855828,-0.642141409976685,-0.025225314560958084,-0.006534867429809031,-0.8013404226145674,0.004532495873616319,-0.1289618515856297,-0.9515829607338828,-0.09541634741220043,-0.1261272183986709,-0.59019693577978,-0.03911589517068465,-0.06166884082438866,-0.6123342756635902,0.030125637902311195,0.12226538858967018,-0.7691072073598312,-0.04758631353504452,0.010832629463773861,-0.894345471190559,-0.08387185525455908,-0.016667786302610104,-0.6643125721882941,-0.037361085096467454,0.03401130334473766,-0.6449966228869077,0.012639808998039872,fist
38,1766182331.907454,0.0,0.0,0.0,-0.22739947735235358,-0.15556649413020857,-0.03176835602875543,-0.41039754511333965,-0.41047016261537367,-0.04414688853332642,-0.49493198960034873,-0.6794593070171918,-0.06930189455426752,-0.43143485329474085,-0.8652191593334235,-0.07199764089590055,-0.24352466649567295,-0.8013893563630922,0.07060030073787632,-0.36818358165203946,-0.929499387079885,-0.021719567675119903,-0.33790939858045993,-0.6429093302931662,-0.062376702831957745,-0.28387876548227314,-0.6491353443803359,-0.08142435613537669,-0.1311734366164822,-0.8109075125602893,0.04845511844566729,-0.26625769148132866,-0.9535343528821069,-0.05634020570533306,-0.24156988184632402,-0.5944898712035022,-0.05662504986430214,-0.17613098565217436,-0.63184791836171,-0.02648454064887399,-0.012070206419172513,-0.8077057408796973,0.0030478861977094847,-0.1429387208956641,-0.939061970200931,-0.09744602742375408,-0.1373038168434792,-0.5829540368201821,-0.043460197607016526,-0.07000023879734472,-0.6026110771987937,0.024268951674452848,0.11434116354058071,-0.7749392787487502,-0.04863163818309382,-0.009444378956187119,-0.889441199953539,-0.08737941505294815,-0.032989221225024415,-0.6570271004797655,-0.04176164557550588,0.022704655986089575,-0.6299395232714,0.008077440655403518,fist
39,1766182332.006911,0.0,0.0,0.0,-0.22089213037861588,-0.16593178810752604,-0.025128290492705044,-0.39161107534492373,-0.4127034245856619,-0.03998946077162171,-0.47298865476177404,-0.6688796678583079,-0.07060962925304959,-0.4216882955139393,-0.8583044917793369,-0.08078899590913696,-0.22280493176055016,-0.8046511593711351,0.07023468873687472,-0.35437364465172777,-0.9347424446620338,-0.025997733045318324,-0.32804792485190715,-0.6472407023921117,-0.06907264318582872,-0.27172050890641924,-0.633309096786307,-0.08784953138220847,-0.11531096736624248,-0.8128557338605354,0.04331348700251856,-0.25831828227839065,-0.9454416220685276,-0.06515185793959317,-0.23607654625408217,-0.5868978962546704,-0.0673697597161439,-0.16778861286039035,-0.6108210635940906,-0.03776889621792425,-0.000884963850058773,-0.8091357758775625,-0.006281063608035847,-0.14111068455638964,-0.9290374487900888,-0.10947868427860633,-0.13434177732494615,-0.5750424016248168,-0.05630851680977582,-0.06342916199041734,-0.5850753682935855,0.011811315934667981,0.12141419697071408,-0.7719334416422754,-0.06159219414294016,-0.011026329705280485,-0.8841991915353187,-0.10380789634664839,-0.033917927737553796,-0.6523351087482332,-0.05912549624182661,0.02416306717829149,-0.6173186174522329,-0.008845548459674536,fist
40,1766182332.106816,0.0,0.0,0.0,-0.2118629090897963,-0.1656465937663925,-0.019180090541772703,-0.3779974557882124,-0.4184341258650005,-0.030828215310901946,-0.45363881691141955,-0.6738744824484987,-0.059210221968537535,-0.4048580103638106,-0.862530300624626,-0.06829303981100744,-0.207614255917372,-0.7934367307829507,0.06985287032291831,-0.3356768139275359,-0.9416802588622389,-0.02365093360958517,-0.3156573170589437,-0.6600155238465956,-0.0649561791178595,-0.2600875694281329,-0.62173418533052,-0.08197887074279686,-0.10460831063309842,-0.8022320735493503,0.04112914920673742,-0.24546293812261272,-0.9392774175050872,-0.06529163571696814,-0.22721840979422367,-0.587718813305963,-0.06763116973035277,-0.15725776066566508,-0.5929368356811439,-0.03883205617617728,0.006659267856516318,-0.7998533471723656,-0.009181379624440602,-0.13367702005929874,-0.9232730206676683,-0.10989796142698423,-0.1294446202068405,-0.5745235908248466,-0.05707095049878326,-0.05879673831015304,-0.5673512833902721,0.009899980750083222,0.1270184588688679,-0.7635974903237956,-0.06476121104904145,-0.0046456228459424076,-0.8829641688190912,-0.10805918314759373,-0.03022605180769442,-0.6506454848861798,-0.0643986527013889,0.02477500629082672,-0.6013341487748971,-0.014797989275975842,fist
41,1766182332.208004,0.0,0.0,0.0,-0.2148225714004724,-0.18156499496092338,-0.015565614962651885,-0.3757789178578887,-0.4342092485717498,-0.022722136238865195,-0.4513691929450886,-0.6814804411219787,-0.04765581056237629,-0.4075026856323209,-0.8711250018784847,-0.053781331889753134,-0.2090827909503284,-0.7985573145548134,0.08916825261686585,-0.33139150431238257,-0.943488041210283,0.003160215619157374,-0.3171595330487955,-0.6702270793291462,-0.036472634992890975,-0.2642413819790484,-0.6206176377444419,-0.05285397687349807,-0.11048275770154957,-0.8117437938941656,0.06000057527453061,-0.2489563846613887,-0.9377373975961868,-0.037530030404238725,-0.23525968704092842,-0.5952530259777489,-0.041200178269941004,-0.1653879917129336,-0.592264604616973,-0.015095988448660428,-0.001568325492513175,-0.8076007233326679,0.008559876100359607,-0.14073544282207268,-0.9243748298734165,-0.08811477768983066,-0.13901766121905634,-0.5874457401302575,-0.04076619651266759,-0.06936585735493196,-0.5693042563301443,0.021552280416382956,0.11662219745774012,-0.7654004852003046,-0.04788372894073958,-0.020514384274373822,-0.8784136592534211,-0.09041671169837344,-0.0467923778746577,-0.6510211806740427,-0.04981283303001284,0.008202564845492604,-0.5955726132527286,-0.002671036100423753,fist
42,1766182332.306336,0.0,0.0,0.0,-0.19598472764798194,-0.21341962094482442,-0.0027192543651043516,-0.3310088858628269,-0.457241292327058,-0.011829516558416542,-0.39893108373052977,-0.679514833333614,-0.04417908948102713,-0.3704311042051811,-0.89039865077917,-0.06073037636434023,-0.1604057682693284,-0.8163974049386671,0.09763802633270742,-0.29151629159524683,-0.9565434636172225,0.006546292517320588,-0.2905694472613144,-0.6922766254913875,-0.036400748870790006,-0.2355855925697557,-0.6180265317763265,-0.05168263327715526,-0.07438944852481347,-0.8221231762446384,0.0599504523061102,-0.22594286840319705,-0.9318199470471406,-0.04396600530265146,-0.22175104778502772,-0.6021991084340853,-0.05225377189240737,-0.14337444510448846,-0.5872717285623508,-0.02727280691596239,0.02370149398351996,-0.8163733933016484,0.0005771015356996471,-0.13308069997206848,-0.9079564836575486,-0.10160646658503887,-0.13875251058103039,-0.5809403401132446,-0.0600194463641171,-0.06167288555967891,-0.5537513086540764,0.0005371798016352346,0.132605880764403,-0.7739940763741513,-0.06279694881874015,-0.01941642089867415,-0.8714285843839137,-0.10990345855488118,-0.050227978891057797,-0.6549344261201637,-0.07358543736036094,0.009865028267830495,-0.5960264587344339,-0.02779846803641998,fist
43,1766182332.40683,0.0,0.0,0.0,-0.1927756508712602,-0.25222128325702786,0.005586776065535907,-0.2879226109753254,-0.4976167787254892,-0.010623625920304818,-0.3527078545673212,-0.6903248192046295,-0.04943945365623052,-0.358266931252732,-0.9009062392037631,-0.07413553556991183,-0.07078235691841597,-0.9568978390968678,0.09122185991387088,-0.27761453026564353,-0.9606873300297974,0.0031664657909195163,-0.27235093603468247,-0.698993973927554,-0.051356160203270704,-0.2027800214068163,-0.6199082380848515,-0.07793092340790825,-0.0024388034300378584,-0.9728783959327117,0.046779482741445076,-0.25189306878734546,-0.9373776635973836,-0.049262988073424954,-0.24269161637408054,-0.6326189918033854,-0.06712003512270275,-0.15204951165607575,-0.6032819841179157,-0.05692104436201259,0.05912421472799151,-0.9470035590278455,-0.014930895161561968,-0.19343744571476149,-0.902038892135242,-0.1075202683248802,-0.1936578055113003,-0.6022637143762798,-0.07322964239355122,-0.10932761382905685,-0.5595756217453208,-0.02544371166409767,0.1063996188052417,-0.8698329143714586,-0.08123112213635814,-0.1139474784271095,-0.8395672475434326,-0.13442430800106048,-0.1323514564344667,-0.6405492615267142,-0.10858456187345351,-0.06537531418353923,-0.5793089130707596,-0.0703067058522814,fist
44,1766182332.5080268,0.0,0.0,0.0,-0.2038570257885095,-0.24763799425936306,0.036421230486994555,-0.2650129230635599,-0.4997434815079475,0.03529750111008556,-0.3176838412246037,-0.6890194304453154,0.015543726188899315,-0.3564572372652948,-0.8468700186889289,0.008030385106992428,-0.024232371224556803,-0.9664860442694808,0.08034164401167342,-0.31731571852062673,-0.9481738978461163,0.016643143424280697,-0.31106599897810877,-0.6994345616285784,-0.03264835090633774,-0.2339211513191539,-0.6081921096832796,-0.06053056395100991,-0.0040235384322974905,-0.9767500457739835,0.028475248852705505,-0.3424881555090628,-0.9118919163919152,-0.03134082719100698,-0.3215825953167233,-0.6553901397719,-0.04807766866832197,-0.23424548379818969,-0.5924372411928615,-0.05031920862141113,-0.011727769877231146,-0.9182289493707488,-0.03138087366323151,-0.33561754041941155,-0.8486169994514191,-0.08021726283912443,-0.30984361086969014,-0.5890540012935452,-0.05097875994510896,-0.2262646262981399,-0.5383173294097807,-0.025795289177306686,-0.041296496237098045,-0.8088157791879219,-0.09446230311655586,-0.296644418230818,-0.7239950035221051,-0.13183932945898336,-0.27536094483705537,-0.5309511371403075,-0.11677273293903276,-0.19578324756724308,-0.4833817801849097,-0.09481609609245248,fist
45,1766182332.605925,0.0,0.0,0.0,0.03683367383241391,-0.37034959130465955,0.13006976162055578,-0.013249258316420705,-0.6704310243439499,0.17079082696788525,-0.10825906184762907,-0.8106141273193771,0.1786191701548176,-0.2105965287975436,-0.7894882781479372,0.18010241485550396,0.011688368687008966,-0.9500591068211544,0.12285222074198662,-0.2569458972383653,-0.9556382917126457,0.1439939627377049,-0.2741071117510477,-0.7421473939003075,0.15731547536899812,-0.22383632284782098,-0.6500648164588064,0.1611579116197329,-0.03258421833406004,-0.933065927675281,0.04517909732044039,-0.3170943442872173,-0.8858860252376174,0.07513132611945815,-0.31100471402269386,-0.6740518204280097,0.09452922127481236,-0.24883109259022923,-0.5770371996139497,0.09879975931885579,-0.09838890368649475,-0.8495193147252941,-0.02365388813144282,-0.35851372292266215,-0.7908672931534437,0.014432993209935845,-0.3436735750388659,-0.5760504159402134,0.03988104186992879,-0.2797821000158578,-0.5052094910021135,0.03778619129111233,-0.1789310585636235,-0.7328041989351912,-0.08603733055859443,-0.3798943929957346,-0.6674892447129089,-0.07279625302882828,-0.35670176238386325,-0.49906093228801846,-0.05941668806222312,-0.29476349760756665,-0.435004636177269,-0.05487180348728088,fist
46,1766182332.708194,0.0,0.0,0.0,0.07855366983337923,-0.3825587352560504,0.1199987405056927,0.03337595873496503,-0.6820843897417334,0.16671535792654393,-0.05322500066914163,-0.8174402420024162,0.1903029408341908,-0.15093997679012183,-0.8020646987392395,0.205480770967113,0.014889172440554172,-0.9573158477209482,0.11595147926078397,-0.1860278843090406,-0.9679740113411093,0.16858214504420127,-0.18402519115060534,-0.7862298245758278,0.19141698998380965,-0.13397612065821649,-0.6971134568289804,0.20095919166241444,-0.0942065679274758,-0.9333482169652435,0.06401420055466636,-0.26043983792746705,-0.8459477105313127,0.14718724118054263,-0.2483814236640569,-0.6768792481546861,0.16870627002554672,-0.18794867519452088,-0.6018149455405256,0.16551763499780078,-0.20287436457206134,-0.8211034993977602,0.026014347165591027,-0.3298985298789638,-0.733122460610835,0.1158059657877751,-0.3053857534211062,-0.5742963034981658,0.13345017810190674,-0.2458765356769717,-0.51640322105094,0.1168473505800456,-0.3096719723724191,-0.6666878057672455,-0.004710739383139105,-0.3896819724308479,-0.6175165328839373,0.06044727831689579,-0.35595579888116646,-0.4733434922977322,0.09326851652188504,-0.30523933789280866,-0.40041638689323983,0.10809264316843234,fist
47,1766182332.806839,0.0,0.0,0.0,0.09647167890455084,-0.40184005744559825,0.10534944556298569,0.06510384299306647,-0.6977574776472648,0.14507790295918227,-0.034135702783656255,-0.8447182417274967,0.16751818489826803,-0.13986056135188513,-0.8204865604657924,0.18274439480389182,0.05501488892561216,-0.9513318111018041,0.08161214632880913,-0.1315569607353695,-0.9828653534713098,0.129106401962838,-0.126199003638497,-0.8183510853051635,0.15034144315447276,-0.0814249807361318,-0.7168536381605332,0.15933968317383818,-0.0758332068264843,-0.9210007182484392,0.039115232022161744,-0.20356288291852417,-0.8798781000859888,0.12222045587418437,-0.19914208981680834,-0.7210851017191612,0.14183084956584383,-0.15282325509611594,-0.6345246002345933,0.13493890071332976,-0.19670287696023322,-0.8070824426502458,0.011586045052913297,-0.28066690826281976,-0.7734715344607495,0.09890883558026416,-0.26439612045288885,-0.624493841723416,0.11787980020885291,-0.2165854103161716,-0.5518112992059477,0.10162677282054136,-0.3102952574432756,-0.6526081580686424,-0.008245690452704003,-0.3519774151023743,-0.6560091925931077,0.057714141143669184,-0.3269550502160535,-0.5179266563628523,0.09486730507419634,-0.2900868289721862,-0.4430861364029948,0.11192920758693838,fist
48,1766182332.906806,0.0,0.0,0.0,0.10317084016024966,-0.38050502387757024,0.14246404329579843,0.08179698917544954,-0.6654699846057491,0.2006739603672616,-0.005332192711632887,-0.8257486455761016,0.2380734653382228,-0.10487751721648415,-0.8179326042795335,0.2666574989955187,0.07338359415078372,-0.9417785532814206,0.10855413275479156,-0.10176279807202478,-0.9773241585141066,0.18569281653646633,-0.10112815686896506,-0.8096236979768396,0.22531461311911857,-0.06276512678657217,-0.7054667926360241,0.24275323197812032,-0.06090494264240456,-0.9216452440197916,0.05797049410696875,-0.18220570725784602,-0.8893546258710847,0.1732851578666523,-0.1838859060172536,-0.7285139714297894,0.20301532052259508,-0.14187942877464918,-0.6344545981007398,0.19559414939626982,-0.18462327630863537,-0.8172724064925112,0.02860088352809102,-0.2641518463331432,-0.7867582642014842,0.15006158627349553,-0.2509814074241223,-0.6321530810787644,0.17296770110299478,-0.20487062658919272,-0.5504254717443676,0.14914363357879398,-0.298999966303845,-0.6729511089642884,0.009951113017475099,-0.33935439892544,-0.6751111849576442,0.10264449740773016,-0.3167342245640476,-0.5323253772691454,0.14534876365860366,-0.27799480046473574,-0.44834945888266275,0.15995061217175963,fist
49,1766182333.006343,0.0,0.0,0.0,0.10449028352582221,-0.37141263849619954,0.13458086881827486,0.082546183929176,-0.6601177503237614,0.18944470113878137,-0.005703585628486872,-0.8233875978670779,0.22429155227086758,-0.10830220195093287,-0.8155469851088446,0.25010620470600536,0.07095561232319819,-0.9214810920128398,0.09987335444908907,-0.09780459728969552,-0.9804895760155099,0.17051232235215708,-0.09897422888483048,-0.8193275932941929,0.20596070804110345,-0.06155791407936632,-0.7123059718882654,0.22226603172718787,-0.06223401698758672,-0.9038846546535977,0.052406246147967954,-0.17969500105202726,-0.8925822363887578,0.1609728812485037,-0.1848079053762893,-0.7432905521120347,0.18977862195440048,-0.1451498104489448,-0.6454950422270195,0.18391507735034643,-0.1856014836431961,-0.8031634135253487,0.025196702910882125,-0.26319337976616763,-0.7951945031355824,0.13894227575525803,-0.2557597175120757,-0.6506038985255603,0.16267464234725237,-0.21510729528715777,-0.561964774983728,0.14339756177854726,-0.3004231549373745,-0.6632636445985699,0.008404085220355637,-0.34128508314656014,-0.692329708468771,0.09924912203372042,-0.323456586516889,-0.5651501581625112,0.14473864585085083,-0.2889558415839706,-0.4773787165421158,0.163088129586806,fist
50,1766182333.1067069,0.0,0.0,0.0,0.08399637783907005,-0.3392865442311796,0.16479197640564552,0.06606681296482492,-0.6091995113974481,0.22133249969771748,-0.015458260573716269,-0.7924558952419622,0.25244208671760787,-0.10888105193461807,-0.8085658343275806,0.2759911178874665,0.06679536631056525,-0.8432961419632875,0.0964121555799499,-0.10487897559487479,-0.9760200840871731,0.19074903914997127,-0.13507993417365696,-0.8417973119524472,0.26787008642233806,-0.1133593548792128,-0.7630225387565261,0.31103186688745604,-0.03980481083239588,-0.8072515497677538,0.03187587346527947,-0.19321580130871416,-0.8880303413706436,0.14882170727782848,-0.21559967439810546,-0.7462097986303401,0.22085627309286604,-0.1787352113355225,-0.659998798962772,0.24844044977179555,-0.14568881407602008,-0.7185467793969248,-0.009445435670602692,-0.2640447274893819,-0.7670554872959421,0.1199691340487342,-0.2704552939016072,-0.6351569944316209,0.18338848395487337,-0.2354841219753849,-0.562251072243273,0.18855472496271827,-0.24623330227031975,-0.5909589320364017,-0.03908928155006698,-0.3282498856808771,-0.6530057108225649,0.06459156709145365,-0.32050829953127974,-0.5471350040213739,0.1250326523971485,-0.2833902870664347,-0.47124594091515204,0.15129115848221364,fist
51,1766182333.207103,0.0,0.0,0.0,0.02565993186541774,-0.3013458839775655,-0.0006514642490881768,-0.07578125848422493,-0.6217913792974201,-0.03679183917036141,-0.23094130397621584,-0.7900371140335826,-0.07346214172762633,-0.3345552576175421,-0.7644164107730375,-0.11127878873359927,-0.03118467621029331,-0.7635261721515585,-0.1272004683050764,-0.29919509460364885,-0.9364110581038,-0.1833483723026614,-0.3321894482966171,-0.7859405268676023,-0.18817520511000346,-0.2799603952836782,-0.6869213341789465,-0.187086058289946,-0.05079086746888821,-0.613228187786417,-0.1588674001158252,-0.3648000695464332,-0.7577903897105451,-0.20917091484645373,-0.365667375656417,-0.6081215377829466,-0.18691470966105,-0.2947854159784787,-0.5432405223188072,-0.17347616575246766,-0.09732100703035557,-0.432151012357964,-0.1856589887462422,-0.3974450526945023,-0.5711752708389606,-0.23353790655212112,-0.38013358734499564,-0.4368035838862362,-0.19250109895643963,-0.3011144941992005,-0.374064214286607,-0.16565558942881758,-0.15823565659957672,-0.23996137600562228,-0.21002083722786852,-0.38773376084916417,-0.38946394879038676,-0.26018635133064166,-0.3706252224180962,-0.2917861974172237,-0.23881631074337245,-0.30051898628011964,-0.21209033709939734,-0.2175923082236787,fist
